Player Img,Player Name,Role,Matches Played,Total Kills,KDA Ratio,Total Assists,Average Kills,Total Deaths,Average Deaths,Average Assists,Win Rate
https://m5.mobilelegends.com/cfind/convert/webp/thumb/images/player/m5-player/ap-bren/new/cover_w368_h460_crop-poto_supermarco.png.webp,SuperMarco,Gold Laner,27,101,3.74,20,0.74,102,3.78,10.20,60%
https://m5.mobilelegends.com/cfind/convert/webp/thumb/images/player/m5-player/ap-bren/new/cover_w368_h460_crop-poto_kyletzy.png.webp,KyleTzy,Jungler,27,76,2.81,39,1.44,153,5.67,5.90,75%
https://m5.mobilelegends.com/cfind/convert/webp/thumb/images/player/m5-player/ap-bren/new/cover_w368_h460_crop-poto_flaptzy.png.webp,FlapTzy,EXP Laner,27,64,2.37,64,2.37,121,4.48,2.90,58%
https://m5.mobilelegends.com/cfind/convert/webp/thumb/images/player/m5-player/ap-bren/new/cover_w368_h460_crop-poto_pheww.png.webp,Pheww,Mid Laner,27,49,1.81,35,1.30,202,7.48,7.20,78%
https://m5.mobilelegends.com/cfind/convert/webp/thumb/images/player/m5-player/ap-bren/new/cover_w368_h460_crop-poto_owgwen.png.webp,Owgwen,Roamer,27,31,1.15,45,1.67,217,8.04,5.50,79%
https://m5.mobilelegends.com/cfind/convert/webp/thumb/images/player/m5-player/blck/new/cover_w368_h460_crop-poto_oheb.png.webp,Oheb,Gold Laner,26,86,3.31,45,1.73,98,3.77,4.10,79%
https://m5.mobilelegends.com/cfind/convert/webp/thumb/images/player/m5-player/blck/new/cover_w368_h460_crop-poto_yue.png.webp,Yue,Mid Laner,26,48,1.85,45,1.73,143,5.50,4.20,83%
https://m5.mobilelegends.com/cfind/convert/webp/thumb/images/player/m5-player/blck/new/cover_w368_h460_crop-poto_edward.png.webp,Edward,EXP Laner,26,44,1.69,57,2.19,107,4.12,2.60,65%
https://m5.mobilelegends.com/cfind/convert/webp/thumb/images/player/m5-player/blck/new/cover_w368_h460_crop-poto_sensui.png.webp,Sensui,Jungler,26,36,1.38,38,1.46,124,4.77,4.20,70%
https://m5.mobilelegends.com/cfind/convert/webp/thumb/images/player/m5-player/blck/new/cover_w368_h460_crop-poto_ranejay.png.webp,Renejay,Roamer,26,22,0.85,46,1.77,172,6.62,4.20,77%
https://m5.mobilelegends.com/cfind/convert/webp/thumb/images/player/m5-player/deus/new/cover_w368_h460_crop-poto_carvi.png.webp,Carvi,Gold Laner,24,97,4.04,60,2.50,106,4.42,3.40,67%
https://m5.mobilelegends.com/cfind/convert/webp/thumb/images/player/m5-player/m5---onic/onic/cover_w368_h460_crop-poto_cw.png.webp,CW,Gold Laner,24,95,3.96,24,1.00,144,6.00,10.00,79%
https://m5.mobilelegends.com/cfind/convert/webp/thumb/images/player/m5-player/m5---onic/onic/cover_w368_h460_crop-poto_sanz.png.webp,SANZ,Mid Laner,24,82,3.42,24,1.00,154,6.42,9.80,83%
https://m5.mobilelegends.com/cfind/convert/webp/thumb/images/player/m5-player/deus/new/cover_w368_h460_crop-poto_sunset-lover.png.webp,SunsetLover,Mid Laner,24,81,3.38,49,2.04,163,6.79,5.00,81%
https://m5.mobilelegends.com/cfind/convert/webp/thumb/images/player/m5-player/m5---onic/onic/cover_w368_h460_crop-poto_kairi.png.webp,Kairi,Jungler,24,63,2.63,44,1.83,149,6.21,4.80,71%
https://m5.mobilelegends.com/cfind/convert/webp/thumb/images/player/m5-player/deus/new/cover_w368_h460_crop-poto_magistor.png.webp,Magistor,Jungler,24,53,2.21,49,2.04,165,6.88,4.40,72%
https://m5.mobilelegends.com/cfind/convert/webp/thumb/images/player/m5-player/deus/new/cover_w368_h460_crop-poto_kid-bomba.png.webp,KidBomba,EXP Laner,24,46,1.92,95,3.96,153,6.38,2.10,68%
https://m5.mobilelegends.com/cfind/convert/webp/thumb/images/player/m5-player/m5---onic/onic/cover_w368_h460_crop-poto_butsss.png.webp,Butsss,EXP Laner,24,40,1.67,59,2.46,139,5.79,3.00,64%
https://m5.mobilelegends.com/cfind/convert/webp/thumb/images/player/m5-player/deus/new/cover_w368_h460_crop-poto_sawo.png.webp,SAWO,Roamer,24,22,0.92,73,3.04,223,9.29,3.40,82%
https://m5.mobilelegends.com/cfind/convert/webp/thumb/images/player/m5-player/m5---onic/onic/cover_w368_h460_crop-poto__kiboy.png.webp,Kiboy,Roamer,24,15,0.63,69,2.88,192,8.00,3.00,75%
https://m5.mobilelegends.com/cfind/convert/webp/thumb/images/player/m5-player/m5---geek-fam/new/cover_w368_h460_crop-poto_aboy.png.webp,Aboy,Mid Laner,20,62,3.10,39,1.95,122,6.10,4.70,81%
https://m5.mobilelegends.com/cfind/convert/webp/thumb/images/player/m5-player/m5---geek-fam/new/cover_w368_h460_crop-poto_luke.png.webp,Luke,EXP Laner,20,53,2.65,56,2.80,98,4.90,2.70,66%
https://m5.mobilelegends.com/cfind/convert/webp/thumb/images/player/m5-player/m5---geek-fam/new/cover_w368_h460_crop-poto_marky.png.webp,Markyyy,Gold Laner,20,47,2.35,37,1.85,95,4.75,3.80,58%
https://m5.mobilelegends.com/cfind/convert/webp/thumb/images/player/m5-player/m5---geek-fam/new/cover_w368_h460_crop-poto__baloyskie.png.webp,Baloyskie,Roamer,20,18,0.90,74,3.70,133,6.65,2.00,69%
https://m5.mobilelegends.com/cfind/convert/webp/thumb/images/player/m5-player/m5---see-you-soon/new/cover_w368_h460_crop-poto_mp-the-king.png.webp,MPTheKing,Jungler,18,61,3.39,40,2.22,91,5.06,3.80,68%
https://m5.mobilelegends.com/cfind/convert/webp/thumb/images/player/m5-player/m5---see-you-soon/new/cover_w368_h460_crop-poto_raa.png.webp,Raa,Mid Laner,18,51,2.83,25,1.39,118,6.56,6.80,80%
https://m5.mobilelegends.com/cfind/convert/webp/thumb/images/player/m5-player/m5---see-you-soon/new/cover_w368_h460_crop-poto_kousei.png.webp,Kusey,Gold Laner,18,46,2.56,30,1.67,96,5.33,4.70,60%
https://m5.mobilelegends.com/cfind/convert/webp/thumb/images/player/m5-player/m5---see-you-soon/new/cover_w368_h460_crop-poto_felix.png.webp,SryimFelix,EXP Laner,18,45,2.50,51,2.83,107,5.94,3.00,70%
https://m5.mobilelegends.com/cfind/convert/webp/thumb/images/player/m5-player/m5---see-you-soon/new/cover_w368_h460_crop-poto_boxi.png.webp,BoxiTheKing,Roamer,18,16,0.89,58,3.22,129,7.17,2.50,69%
https://m5.mobilelegends.com/cfind/convert/webp/thumb/images/player/m5-player/m5---burmese-ghouls/new/cover_w368_h460_crop-poto_stitch.png.webp,Stitch,Gold Laner,15,56,3.73,34,2.27,52,3.47,3.20,62%
https://m5.mobilelegends.com/cfind/convert/webp/thumb/images/player/m5-player/m5---burmese-ghouls/new/cover_w368_h460_crop-poto_niko.png.webp,Niko,Jungler,15,52,3.47,30,2.00,81,5.40,4.40,79%
https://m5.mobilelegends.com/cfind/convert/webp/thumb/images/player/m5-player/m5---fire-flux/cover_w368_h460_368x460__0006_tienzy.png.webp,Tienzy,Jungler,15,39,2.60,33,2.20,67,4.47,3.20,75%
https://m5.mobilelegends.com/cfind/convert/webp/thumb/images/player/m5-player/m5---fire-flux/new/cover_w368_h460_crop-poto_sunshine.png.webp,Sunshine,Gold Laner,15,37,2.47,23,1.53,39,2.60,3.30,48%
https://m5.mobilelegends.com/cfind/convert/webp/thumb/images/player/m5-player/m5---fire-flux/new/cover_w368_h460_crop-poto_rosa.png.webp,Rosa,Mid Laner,15,37,2.47,24,1.60,77,5.13,4.80,76%
https://m5.mobilelegends.com/cfind/convert/webp/thumb/images/player/m5-player/m5---burmese-ghouls/new/cover_w368_h460_crop-poto_lina.png.webp,Lina,Mid Laner,15,32,2.13,29,1.93,105,7.00,4.70,76%
https://m5.mobilelegends.com/cfind/convert/webp/thumb/images/player/m5-player/m5---fire-flux/new/cover_w368_h460_crop-poto_alien.png.webp,Alien,EXP Laner,15,15,1.00,40,2.67,71,4.73,2.20,61%
https://m5.mobilelegends.com/cfind/convert/webp/thumb/images/player/m5-player/m5---fire-flux/new/cover_w368_h460_crop-poto_apex47.png.webp,APEX47,Roamer,15,12,0.80,33,2.20,81,5.40,2.80,64%
https://m5.mobilelegends.com/cfind/convert/webp/thumb/images/player/m5-player/m5---burmese-ghouls/new/cover_w368_h460_crop-poto_blink.png.webp,Blinkx,Roamer,15,9,0.60,48,3.20,121,8.07,2.70,76%
https://m5.mobilelegends.com/cfind/convert/webp/thumb/images/player/m5-player/m5---geek-fam/new/cover_w368_h460_crop-poto_nnael.png.webp,Nnael,Jungler,11,17,1.55,21,1.91,77,7.00,4.50,70%
https://m5.mobilelegends.com/cfind/convert/webp/thumb/images/player/m5-player/m5---geek-fam/new/cover_w368_h460_crop-poto_cadera.png.webp,Caderaa,Gold Laner,9,28,3.11,19,2.11,35,3.89,3.30,52%
https://m5.mobilelegends.com/cfind/convert/webp/thumb/images/player/m5-player/m5---homebois/new/cover_w368_h460_crop-poto_chibi.png.webp,Chibii,Jungler,8,37,4.63,27,3.38,54,6.75,3.40,83%
https://m5.mobilelegends.com/cfind/convert/webp/thumb/images/player/m5-player/m5---tob/new/cover_w368_h460_crop-poto_zia.png.webp,ZIA,Gold Laner,8,27,3.38,9,1.13,35,4.38,6.90,71%
https://m5.mobilelegends.com/cfind/convert/webp/thumb/images/player/m5-player/m5---homebois/new/cover_w368_h460_crop-poto_raizel.png.webp,Raizel,Gold Laner,8,26,3.25,25,3.13,40,5.00,2.60,57%
https://m5.mobilelegends.com/cfind/convert/webp/thumb/images/player/m5-player/m5---homebois/new/cover_w368_h460_crop-poto_warlord.png.webp,Warlord,Mid Laner,8,26,3.25,29,3.63,65,8.13,3.10,82%
https://m5.mobilelegends.com/cfind/convert/webp/thumb/images/player/m5-player/m5---rrq/new/cover_w368_h460_crop-poto_gutalagusta.png.webp,Gustalagusta,Gold Laner,8,25,3.13,10,1.25,19,2.38,4.40,64%
https://m5.mobilelegends.com/cfind/convert/webp/thumb/images/player/wildcard-player/team-smg/new/cover_w368_h460_crop-poto_saxa.png.webp,Saxa,Jungler,8,25,3.13,24,3.00,36,4.50,2.50,83%
https://m5.mobilelegends.com/cfind/convert/webp/thumb/images/player/wildcard-player/team-smg/new/cover_w368_h460_crop-poto_sasa.png.webp,SaSa,Gold Laner,8,24,3.00,14,1.75,26,3.25,3.60,55%
https://m5.mobilelegends.com/cfind/convert/webp/thumb/images/player/m5-player/m5---tob/new/cover_w368_h460_crop-poto_hoon.png.webp,Hoon,Mid Laner,8,22,2.75,6,0.75,56,7.00,13.00,88%
https://m5.mobilelegends.com/cfind/convert/webp/thumb/images/player/m5-player/m5---team-flash/cover_w368_h460_368x460_vanix-new.png.webp,Vanix,Gold Laner,8,20,2.50,11,1.38,18,2.25,3.50,53%
https://m5.mobilelegends.com/cfind/convert/webp/thumb/images/player/m5-player/m5---team-flash/new/cover_w368_h460_crop-poto_hadess.png.webp,Hadess,Jungler,8,19,2.38,14,1.75,35,4.38,3.90,65%
https://m5.mobilelegends.com/cfind/convert/webp/thumb/images/player/m5-player/m5---rrq/new/cover_w368_h460_crop-poto_tekashi.png.webp,Tekashi,EXP Laner,8,19,2.38,22,2.75,30,3.75,2.20,54%
https://m5.mobilelegends.com/cfind/convert/webp/thumb/images/player/m5-player/m5---burmese-ghouls/new/cover_w368_h460_crop-poto_shadow.png.webp,Shadow,EXP Laner,8,18,2.25,31,3.88,61,7.63,2.50,70%
https://m5.mobilelegends.com/cfind/convert/webp/thumb/images/player/m5-player/m5---tob/new/cover_w368_h460_crop-poto_mielow.png.webp,Mielow,EXP Laner,8,17,2.13,24,3.00,48,6.00,2.70,74%
https://m5.mobilelegends.com/cfind/convert/webp/thumb/images/player/m5-player/m5---team-flash/new/cover_w368_h460_crop-poto_adammir.png.webp,Adammir,EXP Laner,8,16,2.00,17,2.13,26,3.25,2.50,46%
https://m5.mobilelegends.com/cfind/convert/webp/thumb/images/player/m5-player/m5---tob/new/cover_w368_h460_crop-poto_bestplayer1.png.webp,Bestplayer1,Jungler,8,16,2.00,22,2.75,57,7.13,3.30,83%
https://m5.mobilelegends.com/cfind/convert/webp/thumb/images/player/m5-player/m5---rrq/new/cover_w368_h460_crop-poto_kiing.png.webp,Kiing,Jungler,8,15,1.88,14,1.75,43,5.38,4.10,76%
https://m5.mobilelegends.com/cfind/convert/webp/thumb/images/player/wildcard-player/team-smg/new/cover_w368_h460_crop-poto_stormie.png.webp,Stormie,Mid Laner,8,15,1.88,16,2.00,46,5.75,3.80,75%
https://m5.mobilelegends.com/cfind/convert/webp/thumb/images/player/m5-player/m5---team-flash/new/cover_w368_h460_crop-poto_jayy.png.webp,Jayy,Mid Laner,8,14,1.75,14,1.75,42,5.25,4.00,63%
https://m5.mobilelegends.com/cfind/convert/webp/thumb/images/player/m5-player/m5---rrq/new/cover_w368_h460_crop-poto_seigen.png.webp,Seigen,Mid Laner,8,12,1.50,7,0.88,50,6.25,8.90,86%
https://m5.mobilelegends.com/cfind/convert/webp/thumb/images/player/m5-player/m5---homebois/new/cover_w368_h460_crop-poto_sepat.png.webp,Sepat,EXP Laner,8,12,1.50,22,2.75,47,5.88,2.70,56%
https://m5.mobilelegends.com/cfind/convert/webp/thumb/images/player/wildcard-player/team-smg/new/cover_w368_h460_crop-poto_smooth.png.webp,Smooth,EXP Laner,8,11,1.38,24,3.00,40,5.00,2.10,62%
https://m5.mobilelegends.com/cfind/convert/webp/thumb/images/player/m5-player/m5---tob/new/cover_w368_h460_crop-poto_shark.png.webp,SUPERSHARK,Roamer,8,9,1.13,19,2.38,63,7.88,3.80,71%
https://m5.mobilelegends.com/cfind/convert/webp/thumb/images/player/m5-player/m5---homebois/new/cover_w368_h460_crop-poto_xorn.png.webp,Xorn,Roamer,8,8,1.00,38,4.75,74,9.25,2.20,74%
https://m5.mobilelegends.com/cfind/convert/webp/thumb/images/player/m5-player/m5---rrq/new/cover_w368_h460_crop-poto_luiizz.png.webp,Luiizz,Roamer,8,4,0.50,18,2.25,44,5.50,2.70,70%
https://m5.mobilelegends.com/cfind/convert/webp/thumb/images/player/m5-player/m5---team-flash/cover_w368_h460_368x460_loisie-new.png.webp,Lolsie,Roamer,8,3,0.38,20,2.50,42,5.25,2.30,54%
https://m5.mobilelegends.com/cfind/convert/webp/thumb/images/player/wildcard-player/team-smg/new/cover_w368_h460_crop-poto_mikko.png.webp,Mikko,Roamer,8,2,0.25,14,1.75,58,7.25,4.30,70%
https://m5.mobilelegends.com/cfind/convert/webp/thumb/images/player/m5-player/m5---triple-esport/new/cover_w368_h460_crop-poto_sano.png.webp,Saano,Jungler,7,21,3.00,21,3.00,24,3.43,2.10,62%
https://m5.mobilelegends.com/cfind/convert/webp/thumb/images/player/m5-player/m5---triple-esport/new/cover_w368_h460_crop-poto_cuffin.png.webp,Cuffin,Mid Laner,7,15,2.14,13,1.86,42,6.00,4.40,78%
https://m5.mobilelegends.com/cfind/convert/webp/thumb/images/player/m5-player/m5---triple-esport/new/cover_w368_h460_crop-poto_sanji.png.webp,Sanjii,EXP Laner,7,15,2.14,20,2.86,29,4.14,2.20,62%
https://m5.mobilelegends.com/cfind/convert/webp/thumb/images/player/wildcard-player/team-lilgun/new/cover_w368_h460_crop-poto_bebex.png.webp,Bebex,Gold Laner,7,14,2.00,12,1.71,18,2.57,2.70,67%
https://m5.mobilelegends.com/cfind/convert/webp/thumb/images/player/wildcard-player/team-lilgun/new/cover_w368_h460_crop-poto_zxaura.png.webp,Zxaura,Jungler,7,14,2.00,15,2.14,30,4.29,2.90,86%
https://m5.mobilelegends.com/cfind/convert/webp/thumb/images/player/m5-player/btr/new/cover_w368_h460_crop-poto_super-uppa.png.webp,SUPPERUPPA,Gold Laner,7,14,2.00,18,2.57,12,1.71,1.40,61%
https://m5.mobilelegends.com/cfind/convert/webp/thumb/images/player/m5-player/m5---triple-esport/new/cover_w368_h460_368x460_0008_tarzan.png.webp,Tarzannn,Jungler,7,14,2.00,20,2.86,29,4.14,2.20,57%
https://m5.mobilelegends.com/cfind/convert/webp/thumb/images/player/m5-player/btr/new/cover_w368_h460_crop-poto_buzizio.png.webp,Buzizio,Jungler,7,10,1.43,19,2.71,17,2.43,1.40,61%
https://m5.mobilelegends.com/cfind/convert/webp/thumb/images/player/m5-player/btr/new/cover_w368_h460_crop-poto_bllack.png.webp,Bllack,EXP Laner,7,9,1.29,22,3.14,17,2.43,1.20,51%
https://m5.mobilelegends.com/cfind/convert/webp/thumb/images/player/wildcard-player/team-lilgun/new/cover_w368_h460_crop-poto_forbid.png.webp,Forbid,Mid Laner,7,8,1.14,12,1.71,34,4.86,3.50,88%
https://m5.mobilelegends.com/cfind/convert/webp/thumb/images/player/wildcard-player/team-lilgun/new/cover_w368_h460_crop-poto_aizn.png.webp,Aizn,EXP Laner,7,8,1.14,17,2.43,19,2.71,1.60,59%
https://m5.mobilelegends.com/cfind/convert/webp/thumb/images/player/m5-player/m5---burmese-ghouls/new/cover_w368_h460_crop-poto_carbon.png.webp,Carbon,EXP Laner,7,8,1.14,22,3.14,22,3.14,1.40,58%
https://m5.mobilelegends.com/cfind/convert/webp/thumb/images/player/wildcard-player/team-lilgun/new/cover_w368_h460_crop-poto_ethan.png.webp,Ethan,Roamer,7,7,1.00,14,2.00,38,5.43,3.20,85%
https://m5.mobilelegends.com/cfind/convert/webp/thumb/images/player/m5-player/btr/new/cover_w368_h460_crop-poto_sindra.png.webp,Sindra,Mid Laner,7,5,0.71,9,1.29,26,3.71,3.40,65%
https://m5.mobilelegends.com/cfind/convert/webp/thumb/images/player/m5-player/m5---triple-esport/new/cover_w368_h460_368x460_0007_trolll.png.webp,Trolll,Roamer,7,5,0.71,22,3.14,47,6.71,2.40,68%
https://m5.mobilelegends.com/cfind/convert/webp/thumb/images/player/m5-player/btr/new/cover_w368_h460_crop-poto_lunnaombotak.png.webp,LunnaOMBotak,Roamer,4,3,0.75,13,3.25,6,1.50,0.70,75%
https://m5.mobilelegends.com/cfind/convert/webp/thumb/images/player/m5-player/btr/new/cover_w368_h460_crop-poto_akashi.png.webp,Akashi,Gold Laner,3,1,0.33,14,4.67,21,7.00,1.60,69%
https://m5.mobilelegends.com/cfind/convert/webp/thumb/images/player/m5-player/blck/new/cover_w368_h460_crop-poto_hadji.png.webp,Hadji,Mid Laner,0,0,0.00,0,0.00,0,0.00,0.00,0.00%
https://m5.mobilelegends.com/cfind/convert/webp/thumb/images/player/m5-player/blck/new/cover_w368_h460_crop-poto_owl.png.webp,Owl,Gold Laner,0,0,0.00,0,0.00,0,0.00,0.00,0.00%
https://m5.mobilelegends.com/cfind/convert/webp/thumb/images/player/m5-player/deus/new/cover_w368_h460_crop-poto_lil.png.webp,Lil,Gold Laner,0,0,0.00,0,0.00,0,0.00,0.00,0.00%
https://m5.mobilelegends.com/cfind/convert/webp/thumb/images/player/m5-player/deus/new/cover_w368_h460_crop-poto_shisu1skie.png.webp,Shisu1Skie,EXP Laner,0,0,0.00,0,0.00,0,0.00,0.00,0.00%
https://m5.mobilelegends.com/cfind/convert/webp/thumb/images/player/m5-player/m5---fire-flux/cover_w368_h460_368x460__0002_paranoid.png.webp,Paranoid,Jungler,0,0,0.00,0,0.00,0,0.00,0.00,0.00%
https://m5.mobilelegends.com/cfind/convert/webp/thumb/images/player/m5-player/m5---homebois/new/cover_w368_h460_crop-poto_anip.png.webp,Anippp,Gold Laner,0,0,0.00,0,0.00,0,0.00,0.00,0.00%
https://m5.mobilelegends.com/cfind/convert/webp/thumb/images/player/m5-player/m5---homebois/new/cover_w368_h460_crop-poto_vinz.png.webp,Vins,Mid Laner,0,0,0.00,0,0.00,0,0.00,0.00,0.00%
https://m5.mobilelegends.com/cfind/convert/webp/thumb/images/player/m5-player/m5---onic/onic/cover_w368_h460_crop-poto_albert.png.webp,Alberttt,Gold Laner,0,0,0.00,0,0.00,0,0.00,0.00,0.00%
https://m5.mobilelegends.com/cfind/convert/webp/thumb/images/player/m5-player/m5---rrq/new/cover_w368_h460_crop-poto_blink.png.webp,Blink,Roamer,0,0,0.00,0,0.00,0,0.00,0.00,0.00%
https://m5.mobilelegends.com/cfind/convert/webp/thumb/images/player/m5-player/m5---see-you-soon/new/cover_w368_h460_crop-poto_runn.png.webp,RunTheKing,Gold Laner,0,0,0.00,0,0.00,0,0.00,0.00,0.00%
https://m5.mobilelegends.com/cfind/convert/webp/thumb/images/player/m5-player/m5---see-you-soon/new/cover_w368_h460_crop-poto_tuzu.png.webp,Tuzu,Jungler,0,0,0.00,0,0.00,0,0.00,0.00,0.00%
https://m5.mobilelegends.com/cfind/convert/webp/thumb/images/player/m5-player/m5---team-flash/cover_w368_h460_368x460_bloopymiku-new.png.webp,Bloopymiku,Mid Laner,0,0,0.00,0,0.00,0,0.00,0.00,0.00%
https://m5.mobilelegends.com/cfind/convert/webp/thumb/images/player/wildcard-player/team-lilgun/new/cover_w368_h460_crop-poto_mrli.png.webp,MrLi,Mid Laner,0,0,0.00,0,0.00,0,0.00,0.00,0.00%
https://m5.mobilelegends.com/cfind/convert/webp/thumb/images/player/wildcard-player/team-smg/new/cover_w368_h460_crop-poto_subway.png.webp,Subway,Jungler,0,0,0.00,0,0.00,0,0.00,0.00,0.00%
https://m5.mobilelegends.com/cfind/convert/webp/thumb/images/player/m5-player/m5---tob/new/cover_w368_h460_crop-poto_wrath.png.webp,Wrath,Roamer,0,0,0.00,0,0.00,0,0.00,0.00,0.00%
https://m5.mobilelegends.com/cfind/convert/webp/thumb/images/player/m5-player/m5---triple-esport/new/cover_w368_h460_crop-poto_fury.png.webp,Fury,Gold Laner,0,0,0.00,0,0.00,0,0.00,0.00,0.00%
https://m5.mobilelegends.com/cfind/convert/webp/thumb/images/player/m5-player/m5---triple-esport/new/cover_w368_h460_crop-poto_krauser.png.webp,Krauser,EXP Laner,0,0,0.00,0,0.00,0,0.00,0.00,0.00%
https://m5.mobilelegends.com/cfind/convert/webp/thumb/images/player/m5-player/ap-bren/new/cover_w368_h460_crop-poto_pandora.png.webp,Pando,EXP Laner,0,0,0,0,0,0,0,0,0.00%
